[
  {
    "title": "Captain Nemo",
    "description": "XXXXXXXXXX",
    "images": "images/1.jpg",
    "autor": "Jules Verne",
    "colors": ["#3A6085", "#378FB7", "#D8AD45"],
    "id": "1"
  },{
    "title": "The Mysterious Island",
    "description": "Five castaways land on a mysterious island, facing strange phenomena and hidden dangers. Guided by ingenuity, they unravel secrets to survive",
    "images": "images/2.jpg",
    "autor": "Jules Verne",
    "colors": ["#9AAE35", "#1680B4", "#17AC98"],
    "id": "2"
  },{
    "title": "The Child of the Cavern",
    "description": "XXXXXXXXXXXXXXX",
    "images": "images/3.jpg",
    "autor": "Jules Verne",
    "colors": ["#3F2D2D", "#AD802F", "#3F2D2D"],
    "id": "3"
  },{
    "title": "Time of Violence",
    "description": "XXXXXXXXXXXXXXX",
    "images": "images/4.jpg",
    "autor": "Anton Donchev",
    "colors": ["#D2BF0D", "#646663", "#4A2C4E"],
    "id": "4"
  },{
    "title": "Glina (Clay)",
    "description": "We are all made not of words, but of mud",
    "images": "images/5.jpg",
    "autor": "Victoria Beshliiska",
    "colors": ["#C31F1E", "#F7C901", "#0C2F55"],
    "id": "5"
  },{
    "title": "Captain Petko Voivode",
    "description": "XXXXXXXXXXXXXXX",
    "images": "images/6.jpg",
    "autor": "Nikolay Haytov",
    "colors": ["#2A6755", "#DA9E26", "#2A6755"],
    "id": "6"
  },{
    "title": "The Subtle Art of Not Giving a F*ck",
    "description": "XXXXXXXXXXX",
    "images": "images/7.jpg",
    "autor": "Mark Manson",
    "colors": ["#FDC300", "#DB6D0C", "#90001B"],
    "id": "7"
  },{
    "title": "Of Mice and Men",
    "description": "A moving story of friendship and dreams amid hardship, following two drifters seeking a better life",
    "images": "images/8.jpg",
    "autor": "John Steinbeck",
    "colors": ["#EAA90D", "#EAA90D", "#7F9940"],
    "id": "8"
  },{
    "title": "1984",
    "description": "A moving story of friendship and dreams amid hardship, following two drifters seeking a better life",
    "images": "images/9.jpg",
    "autor": "George Orwell",
    "colors": ["#D0C3B2", "#A1978B", "#8B3810"],
    "id": "9"
  },{
    "title": "The Picture of Dorian Gray",
    "description": "A haunting tale of vanity, morality, and decay, as a portrait bears the cost of eternal youth",
    "images": "images/10.jpg",
    "autor": "Oscar Wilde",
    "colors": ["#616861", "#CEA829", "#852B37"],
    "id": "10"
  },{
    "title": "To Chicago and Back",
    "description": "Farewell, Niagara, my life is too short to see you again!",
    "images": "images/11.jpg",
    "autor": "Aleko Konstantinov",
    "colors": ["#E9E5B6", "#3D9CD2", "#1093D7"],
    "id": "11"
  },{
    "title": "Time Shelter",
    "description": "XXXXXXXXXX",
    "images": "images/12.jpg",
    "autor": "Georgi Gospodinov",
    "colors": ["#CBC9B0", "#C58200", "#7A7754"],
    "id": "12"
  },{
    "title": "Karadzhata",
    "description": "XXXXXXXXXX",
    "images": "images/13.jpg",
    "autor": "Georgi Bozhinov",
    "colors": ["#697C4E", "#577154", "#466560"],
    "id": "13"
  },{
    "title": "Lord of the Flies",
    "description": "XXXXXXXXXX",
    "images": "images/14.jpg",
    "autor": "William Golding",
    "colors": ["#D36D25", "#50804C", "#E2B657"],
    "id": "14"
  },{
    "title": "The Old Man and the Sea",
    "description": "XXXXXXXXXX",
    "images": "images/15.jpg",
    "autor": "Ernest Hemingway",
    "colors": ["#D2B663", "#4D93B5", "#0E397E"],
    "id": "15"
  },{
    "title": "Atomic Habits",
    "description": "XXXXXXXXXX",
    "images": "images/16.jpg",
    "autor": "James Clear",
    "colors": ["#4AA0BB", "#3B8FB3", "#32638B"],
    "id": "16"
  },{
    "title": "The Catcher in the Rye",
    "description": "“Thousands little kids playing some game in a field of rye and nobody's around. If they don't look where they're going I have to catch them. I'd just be the catcher in the rye”",
    "images": "images/17.jpg",
    "autor": "J. D. Salinger",
    "colors": ["#9C8036", "#E3B50A", "#63653E"],
    "id": "17"
  },{
    "title": "The Phoney Civilization",
    "description": "XXXXXXXXXX",
    "images": "images/18.jpg",
    "autor": "Dobri Voynikov",
    "colors": ["#555", "#555", "#555"],
    "id": "18"
  },{
    "title": "Absolvo te",
    "description": "XXXXXXXXXXXXXXX",
    "images": "images/19.jpg",
    "autor": "Georgi Bardarov",
    "colors": ["#DF1910", "#0F0B0C", "#DF1910"],
    "id": "19"
  },{
    "title": "Be Water, My Friend",
    "description": "XXXXXXXXXXXXXXX",
    "images": "images/20.jpg",
    "autor": "Shannon Lee",
    "colors": ["#0B6692", "#0670A0", "#EAE7D8"],
    "id": "20"
  },{
    "title": "To Kill a Mockingbird",
    "description": "XXXXXXXXXXXXXXX",
    "images": "images/21.jpg",
    "autor": "Harper Lee",
    "colors": ["#8A2A50", "#5A4878", "#039BC2"],
    "id": "21"
  },{
    "title": "I Am Still Counting the Days",
    "description": "XXXXXXXXXX",
    "images": "images/23.jpg",
    "autor": "Georgi Bardarov",
    "colors": ["#BA6FB2", "#4068B0", "#09D3C5"],
    "id": "23"
  },{
    "title": "Cannery Row",
    "description": "XXXXXXXXXX",
    "images": "images/24.jpg",
    "autor": "John Steinbeck",
    "colors": ["#5B524D", "#5B524D", "#D46A38"],
    "id": "24"
  },{
    "title": "Southern Mail",
    "description": "Follow airmail pilot Bernis through dangerous flights over Patagonia, confronting love, duty, and the solitude of the skies",
    "images": "images/25.jpg",
    "autor": "Antoine de Saint-Exupéry",
    "colors": ["#F8B600", "#629171", "#375E7F"],
    "id": "25"
  },{
    "title": "In Our Time",
    "description": "Vivid snapshots of war, love, and loss, capturing raw human moments with stark, powerful prose",
    "images": "images/26.jpg",
    "autor": "Ernest Hemingway",
    "colors": ["#E9A802", "#AA2631", "#B0BAB2"],
    "id": "26"
  },{
    "title": "The Richest Man in Babylon",
    "description": "Discover timeless lessons on wealth and success in The Richest Man in Babylon, where ancient wisdom reveals paths to financial freedom",
    "images": "images/27.jpg",
    "autor": "George Clason",
    "colors": ["#11B5BF", "#6DB23E", "#EE3520"],
    "id": "27"
  },{
    "title": "Charlie and the Chocolate Factory",
    "description": "XXXXXXXXXX",
    "images": "images/28.jpg",
    "autor": "Roald Dahl",
    "colors": ["#CE3E86", "#40C286", "#FBD800"],
    "id": "28"
  },{
    "title": "The Magic Mountain",
    "description": "XXXXXXXXXX",
    "images": "images/29.jpg",
    "autor": "Thomas Mann",
    "colors": ["#5E82A6", "#6C7F7D", "#CFE0D8"],
    "id": "29"
  },{
    "title": "How to Win Friends and Influence People",
    "description": "XXXXXXXXXX",
    "images": "images/30.jpg",
    "autor": "Dale Carnegie",
    "colors": ["#F6D411", "#629CA0", "#052B50"],
    "id": "30"
  },{
      "title": "Crime and Punishment",
      "description": "XXXXXXXXXX",
      "images": "images/31.jpg",
      "autor": "Fyodor Dostoevsky",
      "colors": ["#7B4948", "#E05917", "#373342"],
      "id": "31"
    },{
      "title": "A Ballad for Georg Henig",
      "description": "XXXXXXXXXX",
      "images": "images/32.jpg",
      "autor": "Viktor Paskov",
      "colors": ["#F0B801", "#BC0D14", "#950520"],
      "id": "32"
    },{
      "title": "The Metamorphosis",
      "description": "XXXXXXXXXX",
      "images": "images/33.jpg",
      "autor": "Franz Kafka",
      "colors": ["#F4C708", "#812530", "#161513"],
      "id": "33"
    },{
      "title": "Heart",
      "description": "A tale of resilience and hope, following a young soul's journey through hardship, love, and self-discovery",
      "images": "images/34.jpg",
      "autor": "Victoria Beshliiska",
      "colors": ["#1691BD", "#D73C44", "#9F2B38"],
      "id": "34"
    },{
      "title": "On the way to the top",
      "description": "On the way to the top - The story of Hristo Prodanov",
      "images": "images/35.jpg",
      "autor": "Dimitar Dimitrov",
      "colors": ["#F4ECD7", "#C7CAAB", "#428AA3"],
      "id": "35"
    },{
      "title": "Empusion",
      "description": "On the way to the top - The story of Hristo Prodanov",
      "images": "images/36.jpg",
      "autor": "Olga Tokarczuk",
      "colors": ["#6386AC", "#E87C24", "#E5B235"],
      "id": "36"
    },{
      "title": "And Then There Were None",
      "description": "On the way to the top - The story of Hristo Prodanov",
      "images": "images/37.jpg",
      "autor": "Agatha Christie",
      "colors": ["#5598A8", "#50804C", "#38362A"],
      "id": "37"
    },{
      "title": "The Master and Margarita",
      "description": "XXXXXXXXXX",
      "images": "images/38.jpg",
      "autor": "Mikhail Bulgakov",
      "colors": ["#85366F", "#5B6571", "#547890"],
      "id": "38"
    },{
      "title": "Bacho Kiro",
      "description": "XXXXXXXXXX",
      "images": "images/40.jpg",
      "autor": "Zmey Goryanin",
      "colors": ["#1A8442", "#29662A", "#29662A"],
      "id": "40"
    },{
      "title": "Murder on the Orient Express",
      "description": "XXXXXXXXXX",
      "images": "images/41.jpg",
      "autor": "Agatha Christie",
      "colors": ["#91B7CA", "#519CB9", "#8B0A1C"],
      "id": "41"
    },{
      "title": "The Winter of Our Discontent",
      "description": "XXXXXXXXXX",
      "images": "images/43.jpg",
      "autor": "John Steinbeck",
      "colors": ["#186963", "#468DB9", "#1F3042"],
      "id": "43"
    },{
      "title": "Germany, a dirty tale",
      "description": "XXXXXXXXXX",
      "images": "images/44.jpg",
      "autor": "Viktor Paskov",
      "colors": ["#1D1A13", "#CF2613", "#FFFB16"],
      "id": "44"
    },{
      "title": "Arsène Lupin",
      "description": "XXXXXXXXXX",
      "images": "images/47.jpg",
      "autor": "Maurice Leblanc",
      "colors": ["#F3B723", "#6E2A39", "#1C1B20"],
      "id": "47"
    },{
      "title": "Alexander the Great",
      "description": "XXXXXXXXXX",
      "images": "images/48.jpg",
      "autor": "Nikos Kazantzakis",
      "colors": ["#DC2B21", "#F4BA18", "#423A2D"],
      "id": "48"
    },{
      "title": "The Art of War",
      "description": "XXXXXXXXXX",
      "images": "images/51.jpg",
      "autor": "Sun Tzu",
      "colors": ["#75533A", "#E35E1D", "#759DA5"],
      "id": "51"
    },{
      "title": "Bulgaria's Forgotten Stories",
      "description": "XXXXXXXXXX",
      "images": "images/52.jpg",
      "autor": "Ivaylo Kunev",
      "colors": ["#CFC6A7", "#34513F", "#D63312"],
      "id": "52"
    },{
      "title": "Notes from Underground",
      "description": "A raw, philosophical exploration of isolation, free will, and human nature",
      "images": "images/55.jpg",
      "autor": "Fyodor Dostoevsky",
      "colors": ["#351C2F", "#351C2F", "#0599B5"],
      "id": "55"
    },{
      "title": "The Merchant of Venice",
      "description": "A complex tale of mercy, justice, and revenge, centered around a bond and a doomed contract.",
      "images": "images/56.jpg",
      "autor": "William Shakespeare",
      "colors": ["#2D6D19", "#E59A00", "#831E4A"],
      "id": "56"
    },{
      "title": "The Gambler",
      "description": "A gripping tale of obsession, desire, and self-destruction set against the high-stakes world of roulette",
      "images": "images/57.jpg",
      "autor": "Fyodor Dostoevsky",
      "colors": ["#D42E22", "#498859", "#2D2A31"],
      "id": "57"
    },{
      "title": "Aphorisms",
      "description": "XXXXX",
      "images": "images/58.jpg",
      "autor": "Fyodor Dostoevsky",
      "colors": ["#96C7CC", "#D07816", "#B13D26"],
      "id": "58"
    },{
      "title": "Bobok",
      "description": "A darkly comedic story where a man overhears the thoughts of the dead, exploring existential absurdity",
      "images": "images/59.jpg",
      "autor": "Fyodor Dostoevsky",
      "colors": ["#7B37A4", "#0E2D4C", "#CEDCE5"],
      "id": "59"
    },{
      "title": "White Nights",
      "description": "A poignant tale of love, dreams, and loneliness in St. Petersburg’s fleeting summer nights",
      "images": "images/60.jpg",
      "autor": "Fyodor Dostoevsky",
      "colors": ["#3E554B", "#1A4E75", "#227AA8"],
      "id": "60"
    },{
      "title": "All Our Bodies",
      "description": "XXXXXXXXXXXXXXX",
      "images": "images/61.jpg",
      "autor": "Georgi Gospodinov",
      "colors": ["#FFB400", "#0497B8", "#0F1D5C"],
      "id": "61"
    },{
      "title": "Bulgarian Radio",
      "description": "XXXXXXXXXXXXXXX",
      "images": "images/62.jpg",
      "autor": "Ivo Siromahov",
      "colors": ["#E6A52D", "#EA771A", "#BD212C"],
      "id": "62"
    },{
      "title": "Undiscovered Self",
      "description": "XXXXXXXXXXXXXXX",
      "images": "images/63.jpg",
      "autor": "Carl Jung",
      "colors": ["#E3DDCD", "#4D346B", "#010101"],
      "id": "63"
    },{
      "title": "Tender Is the Night",
      "description": "XXXXXXXXXXXXXXX",
      "images": "images/64.jpg",
      "autor": "F. S. Fitzgerald",
      "colors": ["#94CABD", "#F7B000", "#198297"],
      "id": "64"
    },{
      "title": "White Nights",
      "description": "XXXXXXXXXXXXXXX",
      "images": "images/65.jpg",
      "autor": "Fyodor Dostoevsky",
      "colors": ["#3E554B", "#1A4E75", "#227AA8"],
      "id": "65"
    },{
      "title": "Panayot Volov",
      "description": "XXXXXXXXXXXXXXX",
      "images": "images/66.jpg",
      "autor": "Stilian Chilingirov",
      "colors": ["#3E554B", "#1A4E75", "#227AA8"],
      "id": "66"
    },{
      "title": "Go Set a Watchman",
      "description": "XXXXXXXXXXXXXXX",
      "images": "images/67.jpg",
      "autor": "Harper Lee",
      "colors": ["#3E554B", "#1A4E75", "#227AA8"],
      "id": "67"
    },{
      "title": "A Time to Love and a Time to Die",
      "description": "XXXXXXXXXXXXXXX",
      "images": "images/68.jpg",
      "autor": "Erich M. Remarque",
      "colors": ["#3E554B", "#1A4E75", "#227AA8"],
      "id": "68"
    }
  ]